<?xml version="1.0" encoding="UTF-8" standalone="no"?>
<oneoff_actions>
    <oracle.adr opt_req="R" symbol="adr.platforms.symbol" version="12.1.2.0.0">
        <copy backup_in_zip="false" file_name="adr/BASIC_LITE_README" name="BASIC_LITE_README" path="%ORACLE_HOME%/%SYMBOL%/adr" retain_permission="true" shaolue="D710CA34A8C84E337DAC477C545B42AF28127954"/>
        <copy backup_in_zip="false" file_name="adr/adrci" name="adrci" path="%ORACLE_HOME%/%SYMBOL%/adr" retain_permission="true" shaolue="0B6DFAFFE4FE3739DFD8D2C446567129E28FB616"/>
        <copy backup_in_zip="false" file_name="adr/genezi" name="genezi" path="%ORACLE_HOME%/%SYMBOL%/adr" retain_permission="true" shaolue="DE4CBBDA49CE694DF0814288FD3D788EB6DBFEE4"/>
        <copy backup_in_zip="false" file_name="adr/libclntsh.so.11.1" name="libclntsh.so.11.1" path="%ORACLE_HOME%/%SYMBOL%/adr" retain_permission="true" shaolue="EBD02353319A351FECA3B63489BF0C5140DE8717"/>
        <copy backup_in_zip="false" file_name="adr/libnnz11.so" name="libnnz11.so" path="%ORACLE_HOME%/%SYMBOL%/adr" retain_permission="true" shaolue="6FD80AC7CB9A6D09A055C7BF2AF4DAB774CBCD84"/>
        <copy backup_in_zip="false" file_name="adr/libocci.so.11.1" name="libocci.so.11.1" path="%ORACLE_HOME%/%SYMBOL%/adr" retain_permission="true" shaolue="5D02F5DBEC7FE24EB04C6D1372C667CF67245154"/>
        <copy backup_in_zip="false" file_name="adr/libociicus.so" name="libociicus.so" path="%ORACLE_HOME%/%SYMBOL%/adr" retain_permission="true" shaolue="CE04A4B0D292E70348A76ED8E8D402840D494506"/>
        <copy backup_in_zip="false" file_name="adr/libocijdbc11.so" name="libocijdbc11.so" path="%ORACLE_HOME%/%SYMBOL%/adr" retain_permission="true" shaolue="CCC7453617A04182EC3D2EC65F534E7DFD0BE742"/>
        <copy backup_in_zip="false" file_name="adr/uidrvci" name="uidrvci" path="%ORACLE_HOME%/%SYMBOL%/adr" retain_permission="true" shaolue="9F60E2640E65E595ADFD79239848F0835D4E5FF9"/>
        <copy backup_in_zip="false" file_name="adr/ojdbc5.jar" name="ojdbc5.jar" path="%ORACLE_HOME%/%SYMBOL%/adr" retain_permission="true" shaolue="F8BD23B0CDB41CF9C59D35C6045314B50ED2BD17"/>
        <copy backup_in_zip="false" file_name="adr/ojdbc6.jar" name="ojdbc6.jar" path="%ORACLE_HOME%/%SYMBOL%/adr" retain_permission="true" shaolue="8D98E89385DAFC7E1B8A2CFC1E016DEB21246236"/>
        <copy backup_in_zip="false" file_name="adr/xstreams.jar" name="xstreams.jar" path="%ORACLE_HOME%/%SYMBOL%/adr" retain_permission="true" shaolue="A4E1F7F46B946D55F5E519788346506AE0CCC080"/>
    </oracle.adr>
</oneoff_actions>
