<?xml version="1.0" encoding="UTF-8" standalone="no"?>
<oneoff_inventory>
    <opack_version version="14.1.0.1.14"/>
    <patch_description>One-off</patch_description>
    <patch_id number="34261173"/>
    <minimum_opatch_version>13.9.4.0.0</minimum_opatch_version>
    <unique_patch_id>24817899</unique_patch_id>
    <cannot_autorollback>false</cannot_autorollback>
    <not_rollbackable>false</not_rollbackable>
    <date_of_patch day="14" month="Jun" time="12:51:24 hrs" year="2022" zone="PST8PDT"/>
    <base_bugs>
        <bug description="TRACKING BUG FOR LATEST XMLBEANS 34093918 - 20220608 ON WLS 12C" number="34261173"/>
    </base_bugs>
    <required_components>
        <component internal_name="com.bea.core.xml.xmlbeans" opt_req="O" version="2.6.0.6.0"/>
    </required_components>
    <os_platforms>
        <platform id="0" name="Generic Platform 1"/>
    </os_platforms>
    <executables/>
    <instance_shutdown>true</instance_shutdown>
    <instance_shutdown_message/>
    <online_rac_installable>false</online_rac_installable>
    <ojvm>false</ojvm>
    <run_as_root>false</run_as_root>
    <sql_migrate>false</sql_migrate>
    <wls_prereq_oneoffs/>
    <prereq_oneoffs/>
    <overlay_oneoffs/>
    <patch_type value="singleton"/>
    <patch_language value="en"/>
    <product_family value="fmw"/>
    <patching_model value="one-off"/>
    <auto>false</auto>
    <translatable>false</translatable>
    <application_dirs/>
    <patch_characteristics>
        <content_type value="generic"/>
    </patch_characteristics>
</oneoff_inventory>
